scan_cell_id,z,x,y,tile_url,http_status,tile_status,response_sha256,checked_utc,attempt_count,failure_reason
OHG-Z17-X114804-Y51896,17,114804,51896,https://cyberjapandata.gsi.go.jp/xyz/ort_riku10/17/114804/51896.png,404,no_source_coverage,,2026-06-25T23:15:37Z,1,HTTP 404
OHG-Z17-X114804-Y51896,17,114805,51896,https://cyberjapandata.gsi.go.jp/xyz/ort_riku10/17/114805/51896.png,404,no_source_coverage,,2026-06-25T23:15:37Z,1,HTTP 404
OHG-Z17-X114804-Y51896,17,114806,51896,https://cyberjapandata.gsi.go.jp/xyz/ort_riku10/17/114806/51896.png,404,no_source_coverage,,2026-06-25T23:15:38Z,1,HTTP 404
OHG-Z17-X114804-Y51896,17,114807,51896,https://cyberjapandata.gsi.go.jp/xyz/ort_riku10/17/114807/51896.png,404,no_source_coverage,,2026-06-25T23:15:38Z,1,HTTP 404
OHG-Z17-X114804-Y51896,17,114804,51897,https://cyberjapandata.gsi.go.jp/xyz/ort_riku10/17/114804/51897.png,404,no_source_coverage,,2026-06-25T23:15:39Z,1,HTTP 404
OHG-Z17-X114804-Y51896,17,114805,51897,https://cyberjapandata.gsi.go.jp/xyz/ort_riku10/17/114805/51897.png,404,no_source_coverage,,2026-06-25T23:15:39Z,1,HTTP 404
OHG-Z17-X114804-Y51896,17,114806,51897,https://cyberjapandata.gsi.go.jp/xyz/ort_riku10/17/114806/51897.png,404,no_source_coverage,,2026-06-25T23:15:40Z,1,HTTP 404
OHG-Z17-X114804-Y51896,17,114807,51897,https://cyberjapandata.gsi.go.jp/xyz/ort_riku10/17/114807/51897.png,404,no_source_coverage,,2026-06-25T23:15:40Z,1,HTTP 404
OHG-Z17-X114804-Y51896,17,114804,51898,https://cyberjapandata.gsi.go.jp/xyz/ort_riku10/17/114804/51898.png,404,no_source_coverage,,2026-06-25T23:15:41Z,1,HTTP 404
OHG-Z17-X114804-Y51896,17,114805,51898,https://cyberjapandata.gsi.go.jp/xyz/ort_riku10/17/114805/51898.png,404,no_source_coverage,,2026-06-25T23:15:41Z,1,HTTP 404
OHG-Z17-X114804-Y51896,17,114806,51898,https://cyberjapandata.gsi.go.jp/xyz/ort_riku10/17/114806/51898.png,404,no_source_coverage,,2026-06-25T23:15:42Z,1,HTTP 404
OHG-Z17-X114804-Y51896,17,114807,51898,https://cyberjapandata.gsi.go.jp/xyz/ort_riku10/17/114807/51898.png,404,no_source_coverage,,2026-06-25T23:15:42Z,1,HTTP 404
OHG-Z17-X114804-Y51896,17,114804,51899,https://cyberjapandata.gsi.go.jp/xyz/ort_riku10/17/114804/51899.png,404,no_source_coverage,,2026-06-25T23:15:42Z,1,HTTP 404
OHG-Z17-X114804-Y51896,17,114805,51899,https://cyberjapandata.gsi.go.jp/xyz/ort_riku10/17/114805/51899.png,404,no_source_coverage,,2026-06-25T23:15:43Z,1,HTTP 404
OHG-Z17-X114804-Y51896,17,114806,51899,https://cyberjapandata.gsi.go.jp/xyz/ort_riku10/17/114806/51899.png,404,no_source_coverage,,2026-06-25T23:15:43Z,1,HTTP 404
OHG-Z17-X114804-Y51896,17,114807,51899,https://cyberjapandata.gsi.go.jp/xyz/ort_riku10/17/114807/51899.png,404,no_source_coverage,,2026-06-25T23:15:44Z,1,HTTP 404
OHG-Z17-X114804-Y51900,17,114804,51900,https://cyberjapandata.gsi.go.jp/xyz/ort_riku10/17/114804/51900.png,404,no_source_coverage,,2026-06-25T23:16:27Z,1,HTTP 404
OHG-Z17-X114804-Y51900,17,114805,51900,https://cyberjapandata.gsi.go.jp/xyz/ort_riku10/17/114805/51900.png,404,no_source_coverage,,2026-06-25T23:16:28Z,1,HTTP 404
OHG-Z17-X114804-Y51900,17,114806,51900,https://cyberjapandata.gsi.go.jp/xyz/ort_riku10/17/114806/51900.png,404,no_source_coverage,,2026-06-25T23:16:28Z,1,HTTP 404
OHG-Z17-X114804-Y51900,17,114807,51900,https://cyberjapandata.gsi.go.jp/xyz/ort_riku10/17/114807/51900.png,404,no_source_coverage,,2026-06-25T23:16:29Z,1,HTTP 404
OHG-Z17-X114804-Y51900,17,114804,51901,https://cyberjapandata.gsi.go.jp/xyz/ort_riku10/17/114804/51901.png,404,no_source_coverage,,2026-06-25T23:16:29Z,1,HTTP 404
OHG-Z17-X114804-Y51900,17,114805,51901,https://cyberjapandata.gsi.go.jp/xyz/ort_riku10/17/114805/51901.png,404,no_source_coverage,,2026-06-25T23:16:30Z,1,HTTP 404
OHG-Z17-X114804-Y51900,17,114806,51901,https://cyberjapandata.gsi.go.jp/xyz/ort_riku10/17/114806/51901.png,404,no_source_coverage,,2026-06-25T23:16:30Z,1,HTTP 404
OHG-Z17-X114804-Y51900,17,114807,51901,https://cyberjapandata.gsi.go.jp/xyz/ort_riku10/17/114807/51901.png,404,no_source_coverage,,2026-06-25T23:16:31Z,1,HTTP 404
OHG-Z17-X114804-Y51900,17,114804,51902,https://cyberjapandata.gsi.go.jp/xyz/ort_riku10/17/114804/51902.png,404,no_source_coverage,,2026-06-25T23:16:31Z,1,HTTP 404
OHG-Z17-X114804-Y51900,17,114805,51902,https://cyberjapandata.gsi.go.jp/xyz/ort_riku10/17/114805/51902.png,404,no_source_coverage,,2026-06-25T23:16:32Z,1,HTTP 404
OHG-Z17-X114804-Y51900,17,114806,51902,https://cyberjapandata.gsi.go.jp/xyz/ort_riku10/17/114806/51902.png,404,no_source_coverage,,2026-06-25T23:16:32Z,1,HTTP 404
OHG-Z17-X114804-Y51900,17,114807,51902,https://cyberjapandata.gsi.go.jp/xyz/ort_riku10/17/114807/51902.png,404,no_source_coverage,,2026-06-25T23:16:32Z,1,HTTP 404
OHG-Z17-X114804-Y51900,17,114804,51903,https://cyberjapandata.gsi.go.jp/xyz/ort_riku10/17/114804/51903.png,404,no_source_coverage,,2026-06-25T23:16:33Z,1,HTTP 404
OHG-Z17-X114804-Y51900,17,114805,51903,https://cyberjapandata.gsi.go.jp/xyz/ort_riku10/17/114805/51903.png,404,no_source_coverage,,2026-06-25T23:16:33Z,1,HTTP 404
OHG-Z17-X114804-Y51900,17,114806,51903,https://cyberjapandata.gsi.go.jp/xyz/ort_riku10/17/114806/51903.png,404,no_source_coverage,,2026-06-25T23:16:34Z,1,HTTP 404
OHG-Z17-X114804-Y51900,17,114807,51903,https://cyberjapandata.gsi.go.jp/xyz/ort_riku10/17/114807/51903.png,404,no_source_coverage,,2026-06-25T23:16:34Z,1,HTTP 404
OHG-Z17-X114804-Y51904,17,114804,51904,https://cyberjapandata.gsi.go.jp/xyz/ort_riku10/17/114804/51904.png,404,no_source_coverage,,2026-06-25T23:17:19Z,1,HTTP 404
OHG-Z17-X114804-Y51904,17,114805,51904,https://cyberjapandata.gsi.go.jp/xyz/ort_riku10/17/114805/51904.png,404,no_source_coverage,,2026-06-25T23:17:19Z,1,HTTP 404
OHG-Z17-X114804-Y51904,17,114806,51904,https://cyberjapandata.gsi.go.jp/xyz/ort_riku10/17/114806/51904.png,404,no_source_coverage,,2026-06-25T23:17:20Z,1,HTTP 404
OHG-Z17-X114804-Y51904,17,114807,51904,https://cyberjapandata.gsi.go.jp/xyz/ort_riku10/17/114807/51904.png,404,no_source_coverage,,2026-06-25T23:17:20Z,1,HTTP 404
OHG-Z17-X114804-Y51904,17,114804,51905,https://cyberjapandata.gsi.go.jp/xyz/ort_riku10/17/114804/51905.png,404,no_source_coverage,,2026-06-25T23:17:21Z,1,HTTP 404
OHG-Z17-X114804-Y51904,17,114805,51905,https://cyberjapandata.gsi.go.jp/xyz/ort_riku10/17/114805/51905.png,404,no_source_coverage,,2026-06-25T23:17:21Z,1,HTTP 404
OHG-Z17-X114804-Y51904,17,114806,51905,https://cyberjapandata.gsi.go.jp/xyz/ort_riku10/17/114806/51905.png,404,no_source_coverage,,2026-06-25T23:17:22Z,1,HTTP 404
OHG-Z17-X114804-Y51904,17,114807,51905,https://cyberjapandata.gsi.go.jp/xyz/ort_riku10/17/114807/51905.png,404,no_source_coverage,,2026-06-25T23:17:22Z,1,HTTP 404
OHG-Z17-X114804-Y51904,17,114804,51906,https://cyberjapandata.gsi.go.jp/xyz/ort_riku10/17/114804/51906.png,404,no_source_coverage,,2026-06-25T23:17:23Z,1,HTTP 404
OHG-Z17-X114804-Y51904,17,114805,51906,https://cyberjapandata.gsi.go.jp/xyz/ort_riku10/17/114805/51906.png,404,no_source_coverage,,2026-06-25T23:17:23Z,1,HTTP 404
OHG-Z17-X114804-Y51904,17,114806,51906,https://cyberjapandata.gsi.go.jp/xyz/ort_riku10/17/114806/51906.png,404,no_source_coverage,,2026-06-25T23:17:23Z,1,HTTP 404
OHG-Z17-X114804-Y51904,17,114807,51906,https://cyberjapandata.gsi.go.jp/xyz/ort_riku10/17/114807/51906.png,404,no_source_coverage,,2026-06-25T23:17:24Z,1,HTTP 404
OHG-Z17-X114804-Y51904,17,114804,51907,https://cyberjapandata.gsi.go.jp/xyz/ort_riku10/17/114804/51907.png,404,no_source_coverage,,2026-06-25T23:17:24Z,1,HTTP 404
OHG-Z17-X114804-Y51904,17,114805,51907,https://cyberjapandata.gsi.go.jp/xyz/ort_riku10/17/114805/51907.png,404,no_source_coverage,,2026-06-25T23:17:25Z,1,HTTP 404
OHG-Z17-X114804-Y51904,17,114806,51907,https://cyberjapandata.gsi.go.jp/xyz/ort_riku10/17/114806/51907.png,404,no_source_coverage,,2026-06-25T23:17:25Z,1,HTTP 404
OHG-Z17-X114804-Y51904,17,114807,51907,https://cyberjapandata.gsi.go.jp/xyz/ort_riku10/17/114807/51907.png,404,no_source_coverage,,2026-06-25T23:17:26Z,1,HTTP 404
OHG-Z17-X114808-Y51892,17,114808,51892,https://cyberjapandata.gsi.go.jp/xyz/ort_riku10/17/114808/51892.png,404,no_source_coverage,,2026-06-25T23:15:00Z,1,HTTP 404
OHG-Z17-X114808-Y51892,17,114809,51892,https://cyberjapandata.gsi.go.jp/xyz/ort_riku10/17/114809/51892.png,404,no_source_coverage,,2026-06-25T23:15:01Z,1,HTTP 404
OHG-Z17-X114808-Y51892,17,114810,51892,https://cyberjapandata.gsi.go.jp/xyz/ort_riku10/17/114810/51892.png,404,no_source_coverage,,2026-06-25T23:15:01Z,1,HTTP 404
OHG-Z17-X114808-Y51892,17,114811,51892,https://cyberjapandata.gsi.go.jp/xyz/ort_riku10/17/114811/51892.png,404,no_source_coverage,,2026-06-25T23:15:02Z,1,HTTP 404
OHG-Z17-X114808-Y51892,17,114808,51893,https://cyberjapandata.gsi.go.jp/xyz/ort_riku10/17/114808/51893.png,404,no_source_coverage,,2026-06-25T23:15:02Z,1,HTTP 404
OHG-Z17-X114808-Y51892,17,114809,51893,https://cyberjapandata.gsi.go.jp/xyz/ort_riku10/17/114809/51893.png,404,no_source_coverage,,2026-06-25T23:15:03Z,1,HTTP 404
OHG-Z17-X114808-Y51892,17,114810,51893,https://cyberjapandata.gsi.go.jp/xyz/ort_riku10/17/114810/51893.png,404,no_source_coverage,,2026-06-25T23:15:03Z,1,HTTP 404
OHG-Z17-X114808-Y51892,17,114811,51893,https://cyberjapandata.gsi.go.jp/xyz/ort_riku10/17/114811/51893.png,404,no_source_coverage,,2026-06-25T23:15:04Z,1,HTTP 404
OHG-Z17-X114808-Y51892,17,114808,51894,https://cyberjapandata.gsi.go.jp/xyz/ort_riku10/17/114808/51894.png,404,no_source_coverage,,2026-06-25T23:15:04Z,1,HTTP 404
OHG-Z17-X114808-Y51892,17,114809,51894,https://cyberjapandata.gsi.go.jp/xyz/ort_riku10/17/114809/51894.png,404,no_source_coverage,,2026-06-25T23:15:04Z,1,HTTP 404
OHG-Z17-X114808-Y51892,17,114810,51894,https://cyberjapandata.gsi.go.jp/xyz/ort_riku10/17/114810/51894.png,404,no_source_coverage,,2026-06-25T23:15:05Z,1,HTTP 404
OHG-Z17-X114808-Y51892,17,114811,51894,https://cyberjapandata.gsi.go.jp/xyz/ort_riku10/17/114811/51894.png,404,no_source_coverage,,2026-06-25T23:15:05Z,1,HTTP 404
OHG-Z17-X114808-Y51892,17,114808,51895,https://cyberjapandata.gsi.go.jp/xyz/ort_riku10/17/114808/51895.png,404,no_source_coverage,,2026-06-25T23:15:06Z,1,HTTP 404
OHG-Z17-X114808-Y51892,17,114809,51895,https://cyberjapandata.gsi.go.jp/xyz/ort_riku10/17/114809/51895.png,404,no_source_coverage,,2026-06-25T23:15:06Z,1,HTTP 404
OHG-Z17-X114808-Y51892,17,114810,51895,https://cyberjapandata.gsi.go.jp/xyz/ort_riku10/17/114810/51895.png,404,no_source_coverage,,2026-06-25T23:15:07Z,1,HTTP 404
OHG-Z17-X114808-Y51892,17,114811,51895,https://cyberjapandata.gsi.go.jp/xyz/ort_riku10/17/114811/51895.png,404,no_source_coverage,,2026-06-25T23:15:07Z,1,HTTP 404
OHG-Z17-X114808-Y51896,17,114808,51896,https://cyberjapandata.gsi.go.jp/xyz/ort_riku10/17/114808/51896.png,404,no_source_coverage,,2026-06-25T23:15:44Z,1,HTTP 404
OHG-Z17-X114808-Y51896,17,114809,51896,https://cyberjapandata.gsi.go.jp/xyz/ort_riku10/17/114809/51896.png,404,no_source_coverage,,2026-06-25T23:15:45Z,1,HTTP 404
OHG-Z17-X114808-Y51896,17,114810,51896,https://cyberjapandata.gsi.go.jp/xyz/ort_riku10/17/114810/51896.png,404,no_source_coverage,,2026-06-25T23:15:45Z,1,HTTP 404
OHG-Z17-X114808-Y51896,17,114811,51896,https://cyberjapandata.gsi.go.jp/xyz/ort_riku10/17/114811/51896.png,404,no_source_coverage,,2026-06-25T23:15:46Z,1,HTTP 404
OHG-Z17-X114808-Y51896,17,114808,51897,https://cyberjapandata.gsi.go.jp/xyz/ort_riku10/17/114808/51897.png,404,no_source_coverage,,2026-06-25T23:15:46Z,1,HTTP 404
OHG-Z17-X114808-Y51896,17,114809,51897,https://cyberjapandata.gsi.go.jp/xyz/ort_riku10/17/114809/51897.png,404,no_source_coverage,,2026-06-25T23:15:46Z,1,HTTP 404
OHG-Z17-X114808-Y51896,17,114810,51897,https://cyberjapandata.gsi.go.jp/xyz/ort_riku10/17/114810/51897.png,404,no_source_coverage,,2026-06-25T23:15:47Z,1,HTTP 404
OHG-Z17-X114808-Y51896,17,114811,51897,https://cyberjapandata.gsi.go.jp/xyz/ort_riku10/17/114811/51897.png,404,no_source_coverage,,2026-06-25T23:15:47Z,1,HTTP 404
OHG-Z17-X114808-Y51896,17,114808,51898,https://cyberjapandata.gsi.go.jp/xyz/ort_riku10/17/114808/51898.png,404,no_source_coverage,,2026-06-25T23:15:48Z,1,HTTP 404
OHG-Z17-X114808-Y51896,17,114809,51898,https://cyberjapandata.gsi.go.jp/xyz/ort_riku10/17/114809/51898.png,404,no_source_coverage,,2026-06-25T23:15:48Z,1,HTTP 404
OHG-Z17-X114808-Y51896,17,114810,51898,https://cyberjapandata.gsi.go.jp/xyz/ort_riku10/17/114810/51898.png,404,no_source_coverage,,2026-06-25T23:15:49Z,1,HTTP 404
OHG-Z17-X114808-Y51896,17,114811,51898,https://cyberjapandata.gsi.go.jp/xyz/ort_riku10/17/114811/51898.png,404,no_source_coverage,,2026-06-25T23:15:49Z,1,HTTP 404
OHG-Z17-X114808-Y51896,17,114808,51899,https://cyberjapandata.gsi.go.jp/xyz/ort_riku10/17/114808/51899.png,404,no_source_coverage,,2026-06-25T23:15:50Z,1,HTTP 404
OHG-Z17-X114808-Y51896,17,114809,51899,https://cyberjapandata.gsi.go.jp/xyz/ort_riku10/17/114809/51899.png,404,no_source_coverage,,2026-06-25T23:15:50Z,1,HTTP 404
OHG-Z17-X114808-Y51896,17,114810,51899,https://cyberjapandata.gsi.go.jp/xyz/ort_riku10/17/114810/51899.png,404,no_source_coverage,,2026-06-25T23:15:50Z,1,HTTP 404
OHG-Z17-X114808-Y51896,17,114811,51899,https://cyberjapandata.gsi.go.jp/xyz/ort_riku10/17/114811/51899.png,404,no_source_coverage,,2026-06-25T23:15:51Z,1,HTTP 404
OHG-Z17-X114808-Y51900,17,114808,51900,https://cyberjapandata.gsi.go.jp/xyz/ort_riku10/17/114808/51900.png,404,no_source_coverage,,2026-06-25T23:16:35Z,1,HTTP 404
OHG-Z17-X114808-Y51900,17,114809,51900,https://cyberjapandata.gsi.go.jp/xyz/ort_riku10/17/114809/51900.png,404,no_source_coverage,,2026-06-25T23:16:35Z,1,HTTP 404
OHG-Z17-X114808-Y51900,17,114810,51900,https://cyberjapandata.gsi.go.jp/xyz/ort_riku10/17/114810/51900.png,404,no_source_coverage,,2026-06-25T23:16:36Z,1,HTTP 404
OHG-Z17-X114808-Y51900,17,114811,51900,https://cyberjapandata.gsi.go.jp/xyz/ort_riku10/17/114811/51900.png,404,no_source_coverage,,2026-06-25T23:16:36Z,1,HTTP 404
OHG-Z17-X114808-Y51900,17,114808,51901,https://cyberjapandata.gsi.go.jp/xyz/ort_riku10/17/114808/51901.png,404,no_source_coverage,,2026-06-25T23:16:37Z,1,HTTP 404
OHG-Z17-X114808-Y51900,17,114809,51901,https://cyberjapandata.gsi.go.jp/xyz/ort_riku10/17/114809/51901.png,404,no_source_coverage,,2026-06-25T23:16:37Z,1,HTTP 404
OHG-Z17-X114808-Y51900,17,114810,51901,https://cyberjapandata.gsi.go.jp/xyz/ort_riku10/17/114810/51901.png,404,no_source_coverage,,2026-06-25T23:16:38Z,1,HTTP 404
OHG-Z17-X114808-Y51900,17,114811,51901,https://cyberjapandata.gsi.go.jp/xyz/ort_riku10/17/114811/51901.png,404,no_source_coverage,,2026-06-25T23:16:38Z,1,HTTP 404
OHG-Z17-X114808-Y51900,17,114808,51902,https://cyberjapandata.gsi.go.jp/xyz/ort_riku10/17/114808/51902.png,404,no_source_coverage,,2026-06-25T23:16:38Z,1,HTTP 404
OHG-Z17-X114808-Y51900,17,114809,51902,https://cyberjapandata.gsi.go.jp/xyz/ort_riku10/17/114809/51902.png,404,no_source_coverage,,2026-06-25T23:16:39Z,1,HTTP 404
OHG-Z17-X114808-Y51900,17,114810,51902,https://cyberjapandata.gsi.go.jp/xyz/ort_riku10/17/114810/51902.png,404,no_source_coverage,,2026-06-25T23:16:39Z,1,HTTP 404
OHG-Z17-X114808-Y51900,17,114811,51902,https://cyberjapandata.gsi.go.jp/xyz/ort_riku10/17/114811/51902.png,404,no_source_coverage,,2026-06-25T23:16:40Z,1,HTTP 404
OHG-Z17-X114808-Y51900,17,114808,51903,https://cyberjapandata.gsi.go.jp/xyz/ort_riku10/17/114808/51903.png,404,no_source_coverage,,2026-06-25T23:16:40Z,1,HTTP 404
OHG-Z17-X114808-Y51900,17,114809,51903,https://cyberjapandata.gsi.go.jp/xyz/ort_riku10/17/114809/51903.png,404,no_source_coverage,,2026-06-25T23:16:41Z,1,HTTP 404
OHG-Z17-X114808-Y51900,17,114810,51903,https://cyberjapandata.gsi.go.jp/xyz/ort_riku10/17/114810/51903.png,404,no_source_coverage,,2026-06-25T23:16:41Z,1,HTTP 404
OHG-Z17-X114808-Y51900,17,114811,51903,https://cyberjapandata.gsi.go.jp/xyz/ort_riku10/17/114811/51903.png,404,no_source_coverage,,2026-06-25T23:16:42Z,1,HTTP 404
OHG-Z17-X114808-Y51904,17,114808,51904,https://cyberjapandata.gsi.go.jp/xyz/ort_riku10/17/114808/51904.png,404,no_source_coverage,,2026-06-25T23:17:26Z,1,HTTP 404
OHG-Z17-X114808-Y51904,17,114809,51904,https://cyberjapandata.gsi.go.jp/xyz/ort_riku10/17/114809/51904.png,404,no_source_coverage,,2026-06-25T23:17:27Z,1,HTTP 404
OHG-Z17-X114808-Y51904,17,114810,51904,https://cyberjapandata.gsi.go.jp/xyz/ort_riku10/17/114810/51904.png,404,no_source_coverage,,2026-06-25T23:17:27Z,1,HTTP 404
OHG-Z17-X114808-Y51904,17,114811,51904,https://cyberjapandata.gsi.go.jp/xyz/ort_riku10/17/114811/51904.png,404,no_source_coverage,,2026-06-25T23:17:28Z,1,HTTP 404
OHG-Z17-X114808-Y51904,17,114808,51905,https://cyberjapandata.gsi.go.jp/xyz/ort_riku10/17/114808/51905.png,404,no_source_coverage,,2026-06-25T23:17:28Z,1,HTTP 404
OHG-Z17-X114808-Y51904,17,114809,51905,https://cyberjapandata.gsi.go.jp/xyz/ort_riku10/17/114809/51905.png,404,no_source_coverage,,2026-06-25T23:17:28Z,1,HTTP 404
OHG-Z17-X114808-Y51904,17,114810,51905,https://cyberjapandata.gsi.go.jp/xyz/ort_riku10/17/114810/51905.png,404,no_source_coverage,,2026-06-25T23:17:29Z,1,HTTP 404
OHG-Z17-X114808-Y51904,17,114811,51905,https://cyberjapandata.gsi.go.jp/xyz/ort_riku10/17/114811/51905.png,404,no_source_coverage,,2026-06-25T23:17:29Z,1,HTTP 404
OHG-Z17-X114808-Y51904,17,114808,51906,https://cyberjapandata.gsi.go.jp/xyz/ort_riku10/17/114808/51906.png,404,no_source_coverage,,2026-06-25T23:17:30Z,1,HTTP 404
OHG-Z17-X114808-Y51904,17,114809,51906,https://cyberjapandata.gsi.go.jp/xyz/ort_riku10/17/114809/51906.png,404,no_source_coverage,,2026-06-25T23:17:30Z,1,HTTP 404
OHG-Z17-X114808-Y51904,17,114810,51906,https://cyberjapandata.gsi.go.jp/xyz/ort_riku10/17/114810/51906.png,404,no_source_coverage,,2026-06-25T23:17:31Z,1,HTTP 404
OHG-Z17-X114808-Y51904,17,114811,51906,https://cyberjapandata.gsi.go.jp/xyz/ort_riku10/17/114811/51906.png,404,no_source_coverage,,2026-06-25T23:17:31Z,1,HTTP 404
OHG-Z17-X114808-Y51904,17,114808,51907,https://cyberjapandata.gsi.go.jp/xyz/ort_riku10/17/114808/51907.png,404,no_source_coverage,,2026-06-25T23:17:32Z,1,HTTP 404
OHG-Z17-X114808-Y51904,17,114809,51907,https://cyberjapandata.gsi.go.jp/xyz/ort_riku10/17/114809/51907.png,404,no_source_coverage,,2026-06-25T23:17:32Z,1,HTTP 404
OHG-Z17-X114808-Y51904,17,114810,51907,https://cyberjapandata.gsi.go.jp/xyz/ort_riku10/17/114810/51907.png,404,no_source_coverage,,2026-06-25T23:17:33Z,1,HTTP 404
OHG-Z17-X114808-Y51904,17,114811,51907,https://cyberjapandata.gsi.go.jp/xyz/ort_riku10/17/114811/51907.png,404,no_source_coverage,,2026-06-25T23:17:33Z,1,HTTP 404
OHG-Z17-X114812-Y51892,17,114812,51892,https://cyberjapandata.gsi.go.jp/xyz/ort_riku10/17/114812/51892.png,404,no_source_coverage,,2026-06-25T23:15:08Z,1,HTTP 404
OHG-Z17-X114812-Y51892,17,114813,51892,https://cyberjapandata.gsi.go.jp/xyz/ort_riku10/17/114813/51892.png,404,no_source_coverage,,2026-06-25T23:15:08Z,1,HTTP 404
OHG-Z17-X114812-Y51892,17,114814,51892,https://cyberjapandata.gsi.go.jp/xyz/ort_riku10/17/114814/51892.png,404,no_source_coverage,,2026-06-25T23:15:09Z,1,HTTP 404
OHG-Z17-X114812-Y51892,17,114815,51892,https://cyberjapandata.gsi.go.jp/xyz/ort_riku10/17/114815/51892.png,404,no_source_coverage,,2026-06-25T23:15:09Z,1,HTTP 404
OHG-Z17-X114812-Y51892,17,114812,51893,https://cyberjapandata.gsi.go.jp/xyz/ort_riku10/17/114812/51893.png,404,no_source_coverage,,2026-06-25T23:15:09Z,1,HTTP 404
OHG-Z17-X114812-Y51892,17,114813,51893,https://cyberjapandata.gsi.go.jp/xyz/ort_riku10/17/114813/51893.png,404,no_source_coverage,,2026-06-25T23:15:10Z,1,HTTP 404
OHG-Z17-X114812-Y51892,17,114814,51893,https://cyberjapandata.gsi.go.jp/xyz/ort_riku10/17/114814/51893.png,404,no_source_coverage,,2026-06-25T23:15:10Z,1,HTTP 404
OHG-Z17-X114812-Y51892,17,114815,51893,https://cyberjapandata.gsi.go.jp/xyz/ort_riku10/17/114815/51893.png,404,no_source_coverage,,2026-06-25T23:15:11Z,1,HTTP 404
OHG-Z17-X114812-Y51892,17,114812,51894,https://cyberjapandata.gsi.go.jp/xyz/ort_riku10/17/114812/51894.png,404,no_source_coverage,,2026-06-25T23:15:11Z,1,HTTP 404
OHG-Z17-X114812-Y51892,17,114813,51894,https://cyberjapandata.gsi.go.jp/xyz/ort_riku10/17/114813/51894.png,404,no_source_coverage,,2026-06-25T23:15:12Z,1,HTTP 404
OHG-Z17-X114812-Y51892,17,114814,51894,https://cyberjapandata.gsi.go.jp/xyz/ort_riku10/17/114814/51894.png,404,no_source_coverage,,2026-06-25T23:15:12Z,1,HTTP 404
OHG-Z17-X114812-Y51892,17,114815,51894,https://cyberjapandata.gsi.go.jp/xyz/ort_riku10/17/114815/51894.png,404,no_source_coverage,,2026-06-25T23:15:13Z,1,HTTP 404
OHG-Z17-X114812-Y51892,17,114812,51895,https://cyberjapandata.gsi.go.jp/xyz/ort_riku10/17/114812/51895.png,404,no_source_coverage,,2026-06-25T23:15:13Z,1,HTTP 404
OHG-Z17-X114812-Y51892,17,114813,51895,https://cyberjapandata.gsi.go.jp/xyz/ort_riku10/17/114813/51895.png,404,no_source_coverage,,2026-06-25T23:15:14Z,1,HTTP 404
OHG-Z17-X114812-Y51892,17,114814,51895,https://cyberjapandata.gsi.go.jp/xyz/ort_riku10/17/114814/51895.png,404,no_source_coverage,,2026-06-25T23:15:14Z,1,HTTP 404
OHG-Z17-X114812-Y51892,17,114815,51895,https://cyberjapandata.gsi.go.jp/xyz/ort_riku10/17/114815/51895.png,404,no_source_coverage,,2026-06-25T23:15:15Z,1,HTTP 404
OHG-Z17-X114812-Y51896,17,114812,51896,https://cyberjapandata.gsi.go.jp/xyz/ort_riku10/17/114812/51896.png,404,no_source_coverage,,2026-06-25T23:15:51Z,1,HTTP 404
OHG-Z17-X114812-Y51896,17,114813,51896,https://cyberjapandata.gsi.go.jp/xyz/ort_riku10/17/114813/51896.png,404,no_source_coverage,,2026-06-25T23:15:52Z,1,HTTP 404
OHG-Z17-X114812-Y51896,17,114814,51896,https://cyberjapandata.gsi.go.jp/xyz/ort_riku10/17/114814/51896.png,404,no_source_coverage,,2026-06-25T23:15:52Z,1,HTTP 404
OHG-Z17-X114812-Y51896,17,114815,51896,https://cyberjapandata.gsi.go.jp/xyz/ort_riku10/17/114815/51896.png,404,no_source_coverage,,2026-06-25T23:15:53Z,1,HTTP 404
OHG-Z17-X114812-Y51896,17,114812,51897,https://cyberjapandata.gsi.go.jp/xyz/ort_riku10/17/114812/51897.png,404,no_source_coverage,,2026-06-25T23:15:53Z,1,HTTP 404
OHG-Z17-X114812-Y51896,17,114813,51897,https://cyberjapandata.gsi.go.jp/xyz/ort_riku10/17/114813/51897.png,404,no_source_coverage,,2026-06-25T23:15:54Z,1,HTTP 404
OHG-Z17-X114812-Y51896,17,114814,51897,https://cyberjapandata.gsi.go.jp/xyz/ort_riku10/17/114814/51897.png,404,no_source_coverage,,2026-06-25T23:15:54Z,1,HTTP 404
OHG-Z17-X114812-Y51896,17,114815,51897,https://cyberjapandata.gsi.go.jp/xyz/ort_riku10/17/114815/51897.png,404,no_source_coverage,,2026-06-25T23:15:55Z,1,HTTP 404
OHG-Z17-X114812-Y51896,17,114812,51898,https://cyberjapandata.gsi.go.jp/xyz/ort_riku10/17/114812/51898.png,404,no_source_coverage,,2026-06-25T23:15:55Z,1,HTTP 404
OHG-Z17-X114812-Y51896,17,114813,51898,https://cyberjapandata.gsi.go.jp/xyz/ort_riku10/17/114813/51898.png,404,no_source_coverage,,2026-06-25T23:15:55Z,1,HTTP 404
OHG-Z17-X114812-Y51896,17,114814,51898,https://cyberjapandata.gsi.go.jp/xyz/ort_riku10/17/114814/51898.png,404,no_source_coverage,,2026-06-25T23:15:56Z,1,HTTP 404
OHG-Z17-X114812-Y51896,17,114815,51898,https://cyberjapandata.gsi.go.jp/xyz/ort_riku10/17/114815/51898.png,404,no_source_coverage,,2026-06-25T23:15:56Z,1,HTTP 404
OHG-Z17-X114812-Y51896,17,114812,51899,https://cyberjapandata.gsi.go.jp/xyz/ort_riku10/17/114812/51899.png,404,no_source_coverage,,2026-06-25T23:15:57Z,1,HTTP 404
OHG-Z17-X114812-Y51896,17,114813,51899,https://cyberjapandata.gsi.go.jp/xyz/ort_riku10/17/114813/51899.png,404,no_source_coverage,,2026-06-25T23:15:57Z,1,HTTP 404
OHG-Z17-X114812-Y51896,17,114814,51899,https://cyberjapandata.gsi.go.jp/xyz/ort_riku10/17/114814/51899.png,404,no_source_coverage,,2026-06-25T23:15:58Z,1,HTTP 404
OHG-Z17-X114812-Y51896,17,114815,51899,https://cyberjapandata.gsi.go.jp/xyz/ort_riku10/17/114815/51899.png,404,no_source_coverage,,2026-06-25T23:15:58Z,1,HTTP 404
OHG-Z17-X114812-Y51900,17,114812,51900,https://cyberjapandata.gsi.go.jp/xyz/ort_riku10/17/114812/51900.png,404,no_source_coverage,,2026-06-25T23:16:42Z,1,HTTP 404
OHG-Z17-X114812-Y51900,17,114813,51900,https://cyberjapandata.gsi.go.jp/xyz/ort_riku10/17/114813/51900.png,404,no_source_coverage,,2026-06-25T23:16:43Z,1,HTTP 404
OHG-Z17-X114812-Y51900,17,114814,51900,https://cyberjapandata.gsi.go.jp/xyz/ort_riku10/17/114814/51900.png,404,no_source_coverage,,2026-06-25T23:16:43Z,1,HTTP 404
OHG-Z17-X114812-Y51900,17,114815,51900,https://cyberjapandata.gsi.go.jp/xyz/ort_riku10/17/114815/51900.png,404,no_source_coverage,,2026-06-25T23:16:43Z,1,HTTP 404
OHG-Z17-X114812-Y51900,17,114812,51901,https://cyberjapandata.gsi.go.jp/xyz/ort_riku10/17/114812/51901.png,404,no_source_coverage,,2026-06-25T23:16:44Z,1,HTTP 404
OHG-Z17-X114812-Y51900,17,114813,51901,https://cyberjapandata.gsi.go.jp/xyz/ort_riku10/17/114813/51901.png,404,no_source_coverage,,2026-06-25T23:16:44Z,1,HTTP 404
OHG-Z17-X114812-Y51900,17,114814,51901,https://cyberjapandata.gsi.go.jp/xyz/ort_riku10/17/114814/51901.png,404,no_source_coverage,,2026-06-25T23:16:45Z,1,HTTP 404
OHG-Z17-X114812-Y51900,17,114815,51901,https://cyberjapandata.gsi.go.jp/xyz/ort_riku10/17/114815/51901.png,404,no_source_coverage,,2026-06-25T23:16:45Z,1,HTTP 404
OHG-Z17-X114812-Y51900,17,114812,51902,https://cyberjapandata.gsi.go.jp/xyz/ort_riku10/17/114812/51902.png,404,no_source_coverage,,2026-06-25T23:16:46Z,1,HTTP 404
OHG-Z17-X114812-Y51900,17,114813,51902,https://cyberjapandata.gsi.go.jp/xyz/ort_riku10/17/114813/51902.png,404,no_source_coverage,,2026-06-25T23:16:46Z,1,HTTP 404
OHG-Z17-X114812-Y51900,17,114814,51902,https://cyberjapandata.gsi.go.jp/xyz/ort_riku10/17/114814/51902.png,404,no_source_coverage,,2026-06-25T23:16:47Z,1,HTTP 404
OHG-Z17-X114812-Y51900,17,114815,51902,https://cyberjapandata.gsi.go.jp/xyz/ort_riku10/17/114815/51902.png,404,no_source_coverage,,2026-06-25T23:16:47Z,1,HTTP 404
OHG-Z17-X114812-Y51900,17,114812,51903,https://cyberjapandata.gsi.go.jp/xyz/ort_riku10/17/114812/51903.png,404,no_source_coverage,,2026-06-25T23:16:48Z,1,HTTP 404
OHG-Z17-X114812-Y51900,17,114813,51903,https://cyberjapandata.gsi.go.jp/xyz/ort_riku10/17/114813/51903.png,404,no_source_coverage,,2026-06-25T23:16:48Z,1,HTTP 404
OHG-Z17-X114812-Y51900,17,114814,51903,https://cyberjapandata.gsi.go.jp/xyz/ort_riku10/17/114814/51903.png,404,no_source_coverage,,2026-06-25T23:16:48Z,1,HTTP 404
OHG-Z17-X114812-Y51900,17,114815,51903,https://cyberjapandata.gsi.go.jp/xyz/ort_riku10/17/114815/51903.png,404,no_source_coverage,,2026-06-25T23:16:49Z,1,HTTP 404
OHG-Z17-X114812-Y51904,17,114812,51904,https://cyberjapandata.gsi.go.jp/xyz/ort_riku10/17/114812/51904.png,404,no_source_coverage,,2026-06-25T23:17:33Z,1,HTTP 404
OHG-Z17-X114812-Y51904,17,114813,51904,https://cyberjapandata.gsi.go.jp/xyz/ort_riku10/17/114813/51904.png,404,no_source_coverage,,2026-06-25T23:17:34Z,1,HTTP 404
OHG-Z17-X114812-Y51904,17,114814,51904,https://cyberjapandata.gsi.go.jp/xyz/ort_riku10/17/114814/51904.png,404,no_source_coverage,,2026-06-25T23:17:34Z,1,HTTP 404
OHG-Z17-X114812-Y51904,17,114815,51904,https://cyberjapandata.gsi.go.jp/xyz/ort_riku10/17/114815/51904.png,404,no_source_coverage,,2026-06-25T23:17:35Z,1,HTTP 404
OHG-Z17-X114812-Y51904,17,114812,51905,https://cyberjapandata.gsi.go.jp/xyz/ort_riku10/17/114812/51905.png,404,no_source_coverage,,2026-06-25T23:17:35Z,1,HTTP 404
OHG-Z17-X114812-Y51904,17,114813,51905,https://cyberjapandata.gsi.go.jp/xyz/ort_riku10/17/114813/51905.png,404,no_source_coverage,,2026-06-25T23:17:36Z,1,HTTP 404
OHG-Z17-X114812-Y51904,17,114814,51905,https://cyberjapandata.gsi.go.jp/xyz/ort_riku10/17/114814/51905.png,404,no_source_coverage,,2026-06-25T23:17:36Z,1,HTTP 404
OHG-Z17-X114812-Y51904,17,114815,51905,https://cyberjapandata.gsi.go.jp/xyz/ort_riku10/17/114815/51905.png,404,no_source_coverage,,2026-06-25T23:17:37Z,1,HTTP 404
OHG-Z17-X114812-Y51904,17,114812,51906,https://cyberjapandata.gsi.go.jp/xyz/ort_riku10/17/114812/51906.png,404,no_source_coverage,,2026-06-25T23:17:37Z,1,HTTP 404
OHG-Z17-X114812-Y51904,17,114813,51906,https://cyberjapandata.gsi.go.jp/xyz/ort_riku10/17/114813/51906.png,404,no_source_coverage,,2026-06-25T23:17:38Z,1,HTTP 404
OHG-Z17-X114812-Y51904,17,114814,51906,https://cyberjapandata.gsi.go.jp/xyz/ort_riku10/17/114814/51906.png,404,no_source_coverage,,2026-06-25T23:17:38Z,1,HTTP 404
OHG-Z17-X114812-Y51904,17,114815,51906,https://cyberjapandata.gsi.go.jp/xyz/ort_riku10/17/114815/51906.png,404,no_source_coverage,,2026-06-25T23:17:39Z,1,HTTP 404
OHG-Z17-X114812-Y51904,17,114812,51907,https://cyberjapandata.gsi.go.jp/xyz/ort_riku10/17/114812/51907.png,404,no_source_coverage,,2026-06-25T23:17:39Z,1,HTTP 404
OHG-Z17-X114812-Y51904,17,114813,51907,https://cyberjapandata.gsi.go.jp/xyz/ort_riku10/17/114813/51907.png,404,no_source_coverage,,2026-06-25T23:17:39Z,1,HTTP 404
OHG-Z17-X114812-Y51904,17,114814,51907,https://cyberjapandata.gsi.go.jp/xyz/ort_riku10/17/114814/51907.png,404,no_source_coverage,,2026-06-25T23:17:40Z,1,HTTP 404
OHG-Z17-X114812-Y51904,17,114815,51907,https://cyberjapandata.gsi.go.jp/xyz/ort_riku10/17/114815/51907.png,404,no_source_coverage,,2026-06-25T23:17:40Z,1,HTTP 404
OHG-Z17-X114816-Y51892,17,114816,51892,https://cyberjapandata.gsi.go.jp/xyz/ort_riku10/17/114816/51892.png,404,no_source_coverage,,2026-06-25T23:15:15Z,1,HTTP 404
OHG-Z17-X114816-Y51892,17,114817,51892,https://cyberjapandata.gsi.go.jp/xyz/ort_riku10/17/114817/51892.png,404,no_source_coverage,,2026-06-25T23:15:16Z,1,HTTP 404
OHG-Z17-X114816-Y51892,17,114818,51892,https://cyberjapandata.gsi.go.jp/xyz/ort_riku10/17/114818/51892.png,404,no_source_coverage,,2026-06-25T23:15:16Z,1,HTTP 404
OHG-Z17-X114816-Y51892,17,114819,51892,https://cyberjapandata.gsi.go.jp/xyz/ort_riku10/17/114819/51892.png,404,no_source_coverage,,2026-06-25T23:15:16Z,1,HTTP 404
OHG-Z17-X114816-Y51892,17,114816,51893,https://cyberjapandata.gsi.go.jp/xyz/ort_riku10/17/114816/51893.png,404,no_source_coverage,,2026-06-25T23:15:17Z,1,HTTP 404
OHG-Z17-X114816-Y51892,17,114817,51893,https://cyberjapandata.gsi.go.jp/xyz/ort_riku10/17/114817/51893.png,404,no_source_coverage,,2026-06-25T23:15:17Z,1,HTTP 404
OHG-Z17-X114816-Y51892,17,114818,51893,https://cyberjapandata.gsi.go.jp/xyz/ort_riku10/17/114818/51893.png,404,no_source_coverage,,2026-06-25T23:15:18Z,1,HTTP 404
OHG-Z17-X114816-Y51892,17,114819,51893,https://cyberjapandata.gsi.go.jp/xyz/ort_riku10/17/114819/51893.png,404,no_source_coverage,,2026-06-25T23:15:18Z,1,HTTP 404
OHG-Z17-X114816-Y51892,17,114816,51894,https://cyberjapandata.gsi.go.jp/xyz/ort_riku10/17/114816/51894.png,404,no_source_coverage,,2026-06-25T23:15:19Z,1,HTTP 404
OHG-Z17-X114816-Y51892,17,114817,51894,https://cyberjapandata.gsi.go.jp/xyz/ort_riku10/17/114817/51894.png,404,no_source_coverage,,2026-06-25T23:15:19Z,1,HTTP 404
OHG-Z17-X114816-Y51892,17,114818,51894,https://cyberjapandata.gsi.go.jp/xyz/ort_riku10/17/114818/51894.png,404,no_source_coverage,,2026-06-25T23:15:20Z,1,HTTP 404
OHG-Z17-X114816-Y51892,17,114819,51894,https://cyberjapandata.gsi.go.jp/xyz/ort_riku10/17/114819/51894.png,404,no_source_coverage,,2026-06-25T23:15:20Z,1,HTTP 404
OHG-Z17-X114816-Y51892,17,114816,51895,https://cyberjapandata.gsi.go.jp/xyz/ort_riku10/17/114816/51895.png,404,no_source_coverage,,2026-06-25T23:15:21Z,1,HTTP 404
OHG-Z17-X114816-Y51892,17,114817,51895,https://cyberjapandata.gsi.go.jp/xyz/ort_riku10/17/114817/51895.png,404,no_source_coverage,,2026-06-25T23:15:21Z,1,HTTP 404
OHG-Z17-X114816-Y51892,17,114818,51895,https://cyberjapandata.gsi.go.jp/xyz/ort_riku10/17/114818/51895.png,404,no_source_coverage,,2026-06-25T23:15:22Z,1,HTTP 404
OHG-Z17-X114816-Y51892,17,114819,51895,https://cyberjapandata.gsi.go.jp/xyz/ort_riku10/17/114819/51895.png,404,no_source_coverage,,2026-06-25T23:15:22Z,1,HTTP 404
OHG-Z17-X114816-Y51896,17,114816,51896,https://cyberjapandata.gsi.go.jp/xyz/ort_riku10/17/114816/51896.png,404,no_source_coverage,,2026-06-25T23:15:59Z,1,HTTP 404
OHG-Z17-X114816-Y51896,17,114817,51896,https://cyberjapandata.gsi.go.jp/xyz/ort_riku10/17/114817/51896.png,404,no_source_coverage,,2026-06-25T23:15:59Z,1,HTTP 404
OHG-Z17-X114816-Y51896,17,114818,51896,https://cyberjapandata.gsi.go.jp/xyz/ort_riku10/17/114818/51896.png,404,no_source_coverage,,2026-06-25T23:16:00Z,1,HTTP 404
OHG-Z17-X114816-Y51896,17,114819,51896,https://cyberjapandata.gsi.go.jp/xyz/ort_riku10/17/114819/51896.png,404,no_source_coverage,,2026-06-25T23:16:00Z,1,HTTP 404
OHG-Z17-X114816-Y51896,17,114816,51897,https://cyberjapandata.gsi.go.jp/xyz/ort_riku10/17/114816/51897.png,404,no_source_coverage,,2026-06-25T23:16:01Z,1,HTTP 404
OHG-Z17-X114816-Y51896,17,114817,51897,https://cyberjapandata.gsi.go.jp/xyz/ort_riku10/17/114817/51897.png,404,no_source_coverage,,2026-06-25T23:16:01Z,1,HTTP 404
OHG-Z17-X114816-Y51896,17,114818,51897,https://cyberjapandata.gsi.go.jp/xyz/ort_riku10/17/114818/51897.png,404,no_source_coverage,,2026-06-25T23:16:01Z,1,HTTP 404
OHG-Z17-X114816-Y51896,17,114819,51897,https://cyberjapandata.gsi.go.jp/xyz/ort_riku10/17/114819/51897.png,404,no_source_coverage,,2026-06-25T23:16:02Z,1,HTTP 404
OHG-Z17-X114816-Y51896,17,114816,51898,https://cyberjapandata.gsi.go.jp/xyz/ort_riku10/17/114816/51898.png,404,no_source_coverage,,2026-06-25T23:16:02Z,1,HTTP 404
OHG-Z17-X114816-Y51896,17,114817,51898,https://cyberjapandata.gsi.go.jp/xyz/ort_riku10/17/114817/51898.png,404,no_source_coverage,,2026-06-25T23:16:03Z,1,HTTP 404
OHG-Z17-X114816-Y51896,17,114818,51898,https://cyberjapandata.gsi.go.jp/xyz/ort_riku10/17/114818/51898.png,404,no_source_coverage,,2026-06-25T23:16:03Z,1,HTTP 404
OHG-Z17-X114816-Y51896,17,114819,51898,https://cyberjapandata.gsi.go.jp/xyz/ort_riku10/17/114819/51898.png,404,no_source_coverage,,2026-06-25T23:16:03Z,1,HTTP 404
OHG-Z17-X114816-Y51896,17,114816,51899,https://cyberjapandata.gsi.go.jp/xyz/ort_riku10/17/114816/51899.png,404,no_source_coverage,,2026-06-25T23:16:04Z,1,HTTP 404
OHG-Z17-X114816-Y51896,17,114817,51899,https://cyberjapandata.gsi.go.jp/xyz/ort_riku10/17/114817/51899.png,404,no_source_coverage,,2026-06-25T23:16:04Z,1,HTTP 404
OHG-Z17-X114816-Y51896,17,114818,51899,https://cyberjapandata.gsi.go.jp/xyz/ort_riku10/17/114818/51899.png,404,no_source_coverage,,2026-06-25T23:16:05Z,1,HTTP 404
OHG-Z17-X114816-Y51896,17,114819,51899,https://cyberjapandata.gsi.go.jp/xyz/ort_riku10/17/114819/51899.png,404,no_source_coverage,,2026-06-25T23:16:05Z,1,HTTP 404
OHG-Z17-X114816-Y51900,17,114816,51900,https://cyberjapandata.gsi.go.jp/xyz/ort_riku10/17/114816/51900.png,404,no_source_coverage,,2026-06-25T23:16:49Z,1,HTTP 404
OHG-Z17-X114816-Y51900,17,114817,51900,https://cyberjapandata.gsi.go.jp/xyz/ort_riku10/17/114817/51900.png,404,no_source_coverage,,2026-06-25T23:16:50Z,1,HTTP 404
OHG-Z17-X114816-Y51900,17,114818,51900,https://cyberjapandata.gsi.go.jp/xyz/ort_riku10/17/114818/51900.png,404,no_source_coverage,,2026-06-25T23:16:50Z,1,HTTP 404
OHG-Z17-X114816-Y51900,17,114819,51900,https://cyberjapandata.gsi.go.jp/xyz/ort_riku10/17/114819/51900.png,404,no_source_coverage,,2026-06-25T23:16:51Z,1,HTTP 404
OHG-Z17-X114816-Y51900,17,114816,51901,https://cyberjapandata.gsi.go.jp/xyz/ort_riku10/17/114816/51901.png,404,no_source_coverage,,2026-06-25T23:16:51Z,1,HTTP 404
OHG-Z17-X114816-Y51900,17,114817,51901,https://cyberjapandata.gsi.go.jp/xyz/ort_riku10/17/114817/51901.png,404,no_source_coverage,,2026-06-25T23:16:52Z,1,HTTP 404
OHG-Z17-X114816-Y51900,17,114818,51901,https://cyberjapandata.gsi.go.jp/xyz/ort_riku10/17/114818/51901.png,404,no_source_coverage,,2026-06-25T23:16:52Z,1,HTTP 404
OHG-Z17-X114816-Y51900,17,114819,51901,https://cyberjapandata.gsi.go.jp/xyz/ort_riku10/17/114819/51901.png,404,no_source_coverage,,2026-06-25T23:16:53Z,1,HTTP 404
OHG-Z17-X114816-Y51900,17,114816,51902,https://cyberjapandata.gsi.go.jp/xyz/ort_riku10/17/114816/51902.png,404,no_source_coverage,,2026-06-25T23:16:53Z,1,HTTP 404
OHG-Z17-X114816-Y51900,17,114817,51902,https://cyberjapandata.gsi.go.jp/xyz/ort_riku10/17/114817/51902.png,404,no_source_coverage,,2026-06-25T23:16:54Z,1,HTTP 404
OHG-Z17-X114816-Y51900,17,114818,51902,https://cyberjapandata.gsi.go.jp/xyz/ort_riku10/17/114818/51902.png,404,no_source_coverage,,2026-06-25T23:16:54Z,1,HTTP 404
OHG-Z17-X114816-Y51900,17,114819,51902,https://cyberjapandata.gsi.go.jp/xyz/ort_riku10/17/114819/51902.png,404,no_source_coverage,,2026-06-25T23:16:54Z,1,HTTP 404
OHG-Z17-X114816-Y51900,17,114816,51903,https://cyberjapandata.gsi.go.jp/xyz/ort_riku10/17/114816/51903.png,404,no_source_coverage,,2026-06-25T23:16:55Z,1,HTTP 404
OHG-Z17-X114816-Y51900,17,114817,51903,https://cyberjapandata.gsi.go.jp/xyz/ort_riku10/17/114817/51903.png,404,no_source_coverage,,2026-06-25T23:16:55Z,1,HTTP 404
OHG-Z17-X114816-Y51900,17,114818,51903,https://cyberjapandata.gsi.go.jp/xyz/ort_riku10/17/114818/51903.png,404,no_source_coverage,,2026-06-25T23:16:56Z,1,HTTP 404
OHG-Z17-X114816-Y51900,17,114819,51903,https://cyberjapandata.gsi.go.jp/xyz/ort_riku10/17/114819/51903.png,404,no_source_coverage,,2026-06-25T23:16:56Z,1,HTTP 404
OHG-Z17-X114816-Y51904,17,114816,51904,https://cyberjapandata.gsi.go.jp/xyz/ort_riku10/17/114816/51904.png,404,no_source_coverage,,2026-06-25T23:17:41Z,1,HTTP 404
OHG-Z17-X114816-Y51904,17,114817,51904,https://cyberjapandata.gsi.go.jp/xyz/ort_riku10/17/114817/51904.png,404,no_source_coverage,,2026-06-25T23:17:41Z,1,HTTP 404
OHG-Z17-X114816-Y51904,17,114818,51904,https://cyberjapandata.gsi.go.jp/xyz/ort_riku10/17/114818/51904.png,404,no_source_coverage,,2026-06-25T23:17:42Z,1,HTTP 404
OHG-Z17-X114816-Y51904,17,114819,51904,https://cyberjapandata.gsi.go.jp/xyz/ort_riku10/17/114819/51904.png,404,no_source_coverage,,2026-06-25T23:17:42Z,1,HTTP 404
OHG-Z17-X114816-Y51904,17,114816,51905,https://cyberjapandata.gsi.go.jp/xyz/ort_riku10/17/114816/51905.png,404,no_source_coverage,,2026-06-25T23:17:43Z,1,HTTP 404
OHG-Z17-X114816-Y51904,17,114817,51905,https://cyberjapandata.gsi.go.jp/xyz/ort_riku10/17/114817/51905.png,404,no_source_coverage,,2026-06-25T23:17:43Z,1,HTTP 404
OHG-Z17-X114816-Y51904,17,114818,51905,https://cyberjapandata.gsi.go.jp/xyz/ort_riku10/17/114818/51905.png,404,no_source_coverage,,2026-06-25T23:17:44Z,1,HTTP 404
OHG-Z17-X114816-Y51904,17,114819,51905,https://cyberjapandata.gsi.go.jp/xyz/ort_riku10/17/114819/51905.png,404,no_source_coverage,,2026-06-25T23:17:44Z,1,HTTP 404
OHG-Z17-X114816-Y51904,17,114816,51906,https://cyberjapandata.gsi.go.jp/xyz/ort_riku10/17/114816/51906.png,404,no_source_coverage,,2026-06-25T23:17:44Z,1,HTTP 404
OHG-Z17-X114816-Y51904,17,114817,51906,https://cyberjapandata.gsi.go.jp/xyz/ort_riku10/17/114817/51906.png,404,no_source_coverage,,2026-06-25T23:17:45Z,1,HTTP 404
OHG-Z17-X114816-Y51904,17,114818,51906,https://cyberjapandata.gsi.go.jp/xyz/ort_riku10/17/114818/51906.png,404,no_source_coverage,,2026-06-25T23:17:45Z,1,HTTP 404
OHG-Z17-X114816-Y51904,17,114819,51906,https://cyberjapandata.gsi.go.jp/xyz/ort_riku10/17/114819/51906.png,404,no_source_coverage,,2026-06-25T23:17:46Z,1,HTTP 404
OHG-Z17-X114816-Y51904,17,114816,51907,https://cyberjapandata.gsi.go.jp/xyz/ort_riku10/17/114816/51907.png,404,no_source_coverage,,2026-06-25T23:17:46Z,1,HTTP 404
OHG-Z17-X114816-Y51904,17,114817,51907,https://cyberjapandata.gsi.go.jp/xyz/ort_riku10/17/114817/51907.png,404,no_source_coverage,,2026-06-25T23:17:47Z,1,HTTP 404
OHG-Z17-X114816-Y51904,17,114818,51907,https://cyberjapandata.gsi.go.jp/xyz/ort_riku10/17/114818/51907.png,404,no_source_coverage,,2026-06-25T23:17:47Z,1,HTTP 404
OHG-Z17-X114816-Y51904,17,114819,51907,https://cyberjapandata.gsi.go.jp/xyz/ort_riku10/17/114819/51907.png,404,no_source_coverage,,2026-06-25T23:17:48Z,1,HTTP 404
OHG-Z17-X114820-Y51892,17,114820,51892,https://cyberjapandata.gsi.go.jp/xyz/ort_riku10/17/114820/51892.png,404,no_source_coverage,,2026-06-25T23:15:22Z,1,HTTP 404
OHG-Z17-X114820-Y51892,17,114821,51892,https://cyberjapandata.gsi.go.jp/xyz/ort_riku10/17/114821/51892.png,404,no_source_coverage,,2026-06-25T23:15:23Z,1,HTTP 404
OHG-Z17-X114820-Y51892,17,114822,51892,https://cyberjapandata.gsi.go.jp/xyz/ort_riku10/17/114822/51892.png,404,no_source_coverage,,2026-06-25T23:15:23Z,1,HTTP 404
OHG-Z17-X114820-Y51892,17,114823,51892,https://cyberjapandata.gsi.go.jp/xyz/ort_riku10/17/114823/51892.png,404,no_source_coverage,,2026-06-25T23:15:24Z,1,HTTP 404
OHG-Z17-X114820-Y51892,17,114820,51893,https://cyberjapandata.gsi.go.jp/xyz/ort_riku10/17/114820/51893.png,404,no_source_coverage,,2026-06-25T23:15:24Z,1,HTTP 404
OHG-Z17-X114820-Y51892,17,114821,51893,https://cyberjapandata.gsi.go.jp/xyz/ort_riku10/17/114821/51893.png,404,no_source_coverage,,2026-06-25T23:15:25Z,1,HTTP 404
OHG-Z17-X114820-Y51892,17,114822,51893,https://cyberjapandata.gsi.go.jp/xyz/ort_riku10/17/114822/51893.png,404,no_source_coverage,,2026-06-25T23:15:25Z,1,HTTP 404
OHG-Z17-X114820-Y51892,17,114823,51893,https://cyberjapandata.gsi.go.jp/xyz/ort_riku10/17/114823/51893.png,404,no_source_coverage,,2026-06-25T23:15:26Z,1,HTTP 404
OHG-Z17-X114820-Y51892,17,114820,51894,https://cyberjapandata.gsi.go.jp/xyz/ort_riku10/17/114820/51894.png,404,no_source_coverage,,2026-06-25T23:15:26Z,1,HTTP 404
OHG-Z17-X114820-Y51892,17,114821,51894,https://cyberjapandata.gsi.go.jp/xyz/ort_riku10/17/114821/51894.png,404,no_source_coverage,,2026-06-25T23:15:26Z,1,HTTP 404
OHG-Z17-X114820-Y51892,17,114822,51894,https://cyberjapandata.gsi.go.jp/xyz/ort_riku10/17/114822/51894.png,404,no_source_coverage,,2026-06-25T23:15:27Z,1,HTTP 404
OHG-Z17-X114820-Y51892,17,114823,51894,https://cyberjapandata.gsi.go.jp/xyz/ort_riku10/17/114823/51894.png,404,no_source_coverage,,2026-06-25T23:15:27Z,1,HTTP 404
OHG-Z17-X114820-Y51892,17,114820,51895,https://cyberjapandata.gsi.go.jp/xyz/ort_riku10/17/114820/51895.png,404,no_source_coverage,,2026-06-25T23:15:28Z,1,HTTP 404
OHG-Z17-X114820-Y51892,17,114821,51895,https://cyberjapandata.gsi.go.jp/xyz/ort_riku10/17/114821/51895.png,404,no_source_coverage,,2026-06-25T23:15:28Z,1,HTTP 404
OHG-Z17-X114820-Y51892,17,114822,51895,https://cyberjapandata.gsi.go.jp/xyz/ort_riku10/17/114822/51895.png,404,no_source_coverage,,2026-06-25T23:15:29Z,1,HTTP 404
OHG-Z17-X114820-Y51892,17,114823,51895,https://cyberjapandata.gsi.go.jp/xyz/ort_riku10/17/114823/51895.png,404,no_source_coverage,,2026-06-25T23:15:29Z,1,HTTP 404
OHG-Z17-X114820-Y51896,17,114820,51896,https://cyberjapandata.gsi.go.jp/xyz/ort_riku10/17/114820/51896.png,404,no_source_coverage,,2026-06-25T23:16:06Z,1,HTTP 404
OHG-Z17-X114820-Y51896,17,114821,51896,https://cyberjapandata.gsi.go.jp/xyz/ort_riku10/17/114821/51896.png,404,no_source_coverage,,2026-06-25T23:16:06Z,1,HTTP 404
OHG-Z17-X114820-Y51896,17,114822,51896,https://cyberjapandata.gsi.go.jp/xyz/ort_riku10/17/114822/51896.png,404,no_source_coverage,,2026-06-25T23:16:07Z,1,HTTP 404
OHG-Z17-X114820-Y51896,17,114823,51896,https://cyberjapandata.gsi.go.jp/xyz/ort_riku10/17/114823/51896.png,404,no_source_coverage,,2026-06-25T23:16:07Z,1,HTTP 404
OHG-Z17-X114820-Y51896,17,114820,51897,https://cyberjapandata.gsi.go.jp/xyz/ort_riku10/17/114820/51897.png,404,no_source_coverage,,2026-06-25T23:16:07Z,1,HTTP 404
OHG-Z17-X114820-Y51896,17,114821,51897,https://cyberjapandata.gsi.go.jp/xyz/ort_riku10/17/114821/51897.png,404,no_source_coverage,,2026-06-25T23:16:08Z,1,HTTP 404
OHG-Z17-X114820-Y51896,17,114822,51897,https://cyberjapandata.gsi.go.jp/xyz/ort_riku10/17/114822/51897.png,404,no_source_coverage,,2026-06-25T23:16:08Z,1,HTTP 404
OHG-Z17-X114820-Y51896,17,114823,51897,https://cyberjapandata.gsi.go.jp/xyz/ort_riku10/17/114823/51897.png,404,no_source_coverage,,2026-06-25T23:16:09Z,1,HTTP 404
OHG-Z17-X114820-Y51896,17,114820,51898,https://cyberjapandata.gsi.go.jp/xyz/ort_riku10/17/114820/51898.png,404,no_source_coverage,,2026-06-25T23:16:09Z,1,HTTP 404
OHG-Z17-X114820-Y51896,17,114821,51898,https://cyberjapandata.gsi.go.jp/xyz/ort_riku10/17/114821/51898.png,404,no_source_coverage,,2026-06-25T23:16:10Z,1,HTTP 404
OHG-Z17-X114820-Y51896,17,114822,51898,https://cyberjapandata.gsi.go.jp/xyz/ort_riku10/17/114822/51898.png,404,no_source_coverage,,2026-06-25T23:16:10Z,1,HTTP 404
OHG-Z17-X114820-Y51896,17,114823,51898,https://cyberjapandata.gsi.go.jp/xyz/ort_riku10/17/114823/51898.png,404,no_source_coverage,,2026-06-25T23:16:11Z,1,HTTP 404
OHG-Z17-X114820-Y51896,17,114820,51899,https://cyberjapandata.gsi.go.jp/xyz/ort_riku10/17/114820/51899.png,404,no_source_coverage,,2026-06-25T23:16:11Z,1,HTTP 404
OHG-Z17-X114820-Y51896,17,114821,51899,https://cyberjapandata.gsi.go.jp/xyz/ort_riku10/17/114821/51899.png,404,no_source_coverage,,2026-06-25T23:16:12Z,1,HTTP 404
OHG-Z17-X114820-Y51896,17,114822,51899,https://cyberjapandata.gsi.go.jp/xyz/ort_riku10/17/114822/51899.png,404,no_source_coverage,,2026-06-25T23:16:12Z,1,HTTP 404
OHG-Z17-X114820-Y51896,17,114823,51899,https://cyberjapandata.gsi.go.jp/xyz/ort_riku10/17/114823/51899.png,404,no_source_coverage,,2026-06-25T23:16:12Z,1,HTTP 404
OHG-Z17-X114820-Y51900,17,114820,51900,https://cyberjapandata.gsi.go.jp/xyz/ort_riku10/17/114820/51900.png,404,no_source_coverage,,2026-06-25T23:16:57Z,1,HTTP 404
OHG-Z17-X114820-Y51900,17,114821,51900,https://cyberjapandata.gsi.go.jp/xyz/ort_riku10/17/114821/51900.png,404,no_source_coverage,,2026-06-25T23:16:57Z,1,HTTP 404
OHG-Z17-X114820-Y51900,17,114822,51900,https://cyberjapandata.gsi.go.jp/xyz/ort_riku10/17/114822/51900.png,404,no_source_coverage,,2026-06-25T23:16:58Z,1,HTTP 404
OHG-Z17-X114820-Y51900,17,114823,51900,https://cyberjapandata.gsi.go.jp/xyz/ort_riku10/17/114823/51900.png,404,no_source_coverage,,2026-06-25T23:16:58Z,1,HTTP 404
OHG-Z17-X114820-Y51900,17,114820,51901,https://cyberjapandata.gsi.go.jp/xyz/ort_riku10/17/114820/51901.png,404,no_source_coverage,,2026-06-25T23:16:59Z,1,HTTP 404
OHG-Z17-X114820-Y51900,17,114821,51901,https://cyberjapandata.gsi.go.jp/xyz/ort_riku10/17/114821/51901.png,404,no_source_coverage,,2026-06-25T23:16:59Z,1,HTTP 404
OHG-Z17-X114820-Y51900,17,114822,51901,https://cyberjapandata.gsi.go.jp/xyz/ort_riku10/17/114822/51901.png,404,no_source_coverage,,2026-06-25T23:16:59Z,1,HTTP 404
OHG-Z17-X114820-Y51900,17,114823,51901,https://cyberjapandata.gsi.go.jp/xyz/ort_riku10/17/114823/51901.png,404,no_source_coverage,,2026-06-25T23:17:00Z,1,HTTP 404
OHG-Z17-X114820-Y51900,17,114820,51902,https://cyberjapandata.gsi.go.jp/xyz/ort_riku10/17/114820/51902.png,404,no_source_coverage,,2026-06-25T23:17:00Z,1,HTTP 404
OHG-Z17-X114820-Y51900,17,114821,51902,https://cyberjapandata.gsi.go.jp/xyz/ort_riku10/17/114821/51902.png,404,no_source_coverage,,2026-06-25T23:17:01Z,1,HTTP 404
OHG-Z17-X114820-Y51900,17,114822,51902,https://cyberjapandata.gsi.go.jp/xyz/ort_riku10/17/114822/51902.png,404,no_source_coverage,,2026-06-25T23:17:01Z,1,HTTP 404
OHG-Z17-X114820-Y51900,17,114823,51902,https://cyberjapandata.gsi.go.jp/xyz/ort_riku10/17/114823/51902.png,404,no_source_coverage,,2026-06-25T23:17:02Z,1,HTTP 404
OHG-Z17-X114820-Y51900,17,114820,51903,https://cyberjapandata.gsi.go.jp/xyz/ort_riku10/17/114820/51903.png,404,no_source_coverage,,2026-06-25T23:17:02Z,1,HTTP 404
OHG-Z17-X114820-Y51900,17,114821,51903,https://cyberjapandata.gsi.go.jp/xyz/ort_riku10/17/114821/51903.png,404,no_source_coverage,,2026-06-25T23:17:03Z,1,HTTP 404
OHG-Z17-X114820-Y51900,17,114822,51903,https://cyberjapandata.gsi.go.jp/xyz/ort_riku10/17/114822/51903.png,404,no_source_coverage,,2026-06-25T23:17:03Z,1,HTTP 404
OHG-Z17-X114820-Y51900,17,114823,51903,https://cyberjapandata.gsi.go.jp/xyz/ort_riku10/17/114823/51903.png,404,no_source_coverage,,2026-06-25T23:17:04Z,1,HTTP 404
OHG-Z17-X114820-Y51904,17,114820,51904,https://cyberjapandata.gsi.go.jp/xyz/ort_riku10/17/114820/51904.png,404,no_source_coverage,,2026-06-25T23:17:48Z,1,HTTP 404
OHG-Z17-X114820-Y51904,17,114821,51904,https://cyberjapandata.gsi.go.jp/xyz/ort_riku10/17/114821/51904.png,404,no_source_coverage,,2026-06-25T23:17:49Z,1,HTTP 404
OHG-Z17-X114820-Y51904,17,114822,51904,https://cyberjapandata.gsi.go.jp/xyz/ort_riku10/17/114822/51904.png,404,no_source_coverage,,2026-06-25T23:17:49Z,1,HTTP 404
OHG-Z17-X114820-Y51904,17,114823,51904,https://cyberjapandata.gsi.go.jp/xyz/ort_riku10/17/114823/51904.png,404,no_source_coverage,,2026-06-25T23:17:49Z,1,HTTP 404
OHG-Z17-X114820-Y51904,17,114820,51905,https://cyberjapandata.gsi.go.jp/xyz/ort_riku10/17/114820/51905.png,404,no_source_coverage,,2026-06-25T23:17:50Z,1,HTTP 404
OHG-Z17-X114820-Y51904,17,114821,51905,https://cyberjapandata.gsi.go.jp/xyz/ort_riku10/17/114821/51905.png,404,no_source_coverage,,2026-06-25T23:17:50Z,1,HTTP 404
OHG-Z17-X114820-Y51904,17,114822,51905,https://cyberjapandata.gsi.go.jp/xyz/ort_riku10/17/114822/51905.png,404,no_source_coverage,,2026-06-25T23:17:51Z,1,HTTP 404
OHG-Z17-X114820-Y51904,17,114823,51905,https://cyberjapandata.gsi.go.jp/xyz/ort_riku10/17/114823/51905.png,404,no_source_coverage,,2026-06-25T23:17:51Z,1,HTTP 404
OHG-Z17-X114820-Y51904,17,114820,51906,https://cyberjapandata.gsi.go.jp/xyz/ort_riku10/17/114820/51906.png,404,no_source_coverage,,2026-06-25T23:17:52Z,1,HTTP 404
OHG-Z17-X114820-Y51904,17,114821,51906,https://cyberjapandata.gsi.go.jp/xyz/ort_riku10/17/114821/51906.png,404,no_source_coverage,,2026-06-25T23:17:52Z,1,HTTP 404
OHG-Z17-X114820-Y51904,17,114822,51906,https://cyberjapandata.gsi.go.jp/xyz/ort_riku10/17/114822/51906.png,404,no_source_coverage,,2026-06-25T23:17:53Z,1,HTTP 404
OHG-Z17-X114820-Y51904,17,114823,51906,https://cyberjapandata.gsi.go.jp/xyz/ort_riku10/17/114823/51906.png,404,no_source_coverage,,2026-06-25T23:17:53Z,1,HTTP 404
OHG-Z17-X114820-Y51904,17,114820,51907,https://cyberjapandata.gsi.go.jp/xyz/ort_riku10/17/114820/51907.png,404,no_source_coverage,,2026-06-25T23:17:54Z,1,HTTP 404
OHG-Z17-X114820-Y51904,17,114821,51907,https://cyberjapandata.gsi.go.jp/xyz/ort_riku10/17/114821/51907.png,404,no_source_coverage,,2026-06-25T23:17:54Z,1,HTTP 404
OHG-Z17-X114820-Y51904,17,114822,51907,https://cyberjapandata.gsi.go.jp/xyz/ort_riku10/17/114822/51907.png,404,no_source_coverage,,2026-06-25T23:17:55Z,1,HTTP 404
OHG-Z17-X114820-Y51904,17,114823,51907,https://cyberjapandata.gsi.go.jp/xyz/ort_riku10/17/114823/51907.png,404,no_source_coverage,,2026-06-25T23:17:55Z,1,HTTP 404
OHG-Z17-X114824-Y51892,17,114824,51892,https://cyberjapandata.gsi.go.jp/xyz/ort_riku10/17/114824/51892.png,404,no_source_coverage,,2026-06-25T23:15:30Z,1,HTTP 404
OHG-Z17-X114824-Y51892,17,114825,51892,https://cyberjapandata.gsi.go.jp/xyz/ort_riku10/17/114825/51892.png,404,no_source_coverage,,2026-06-25T23:15:30Z,1,HTTP 404
OHG-Z17-X114824-Y51892,17,114826,51892,https://cyberjapandata.gsi.go.jp/xyz/ort_riku10/17/114826/51892.png,404,no_source_coverage,,2026-06-25T23:15:31Z,1,HTTP 404
OHG-Z17-X114824-Y51892,17,114827,51892,https://cyberjapandata.gsi.go.jp/xyz/ort_riku10/17/114827/51892.png,404,no_source_coverage,,2026-06-25T23:15:31Z,1,HTTP 404
OHG-Z17-X114824-Y51892,17,114824,51893,https://cyberjapandata.gsi.go.jp/xyz/ort_riku10/17/114824/51893.png,404,no_source_coverage,,2026-06-25T23:15:31Z,1,HTTP 404
OHG-Z17-X114824-Y51892,17,114825,51893,https://cyberjapandata.gsi.go.jp/xyz/ort_riku10/17/114825/51893.png,404,no_source_coverage,,2026-06-25T23:15:32Z,1,HTTP 404
OHG-Z17-X114824-Y51892,17,114826,51893,https://cyberjapandata.gsi.go.jp/xyz/ort_riku10/17/114826/51893.png,404,no_source_coverage,,2026-06-25T23:15:32Z,1,HTTP 404
OHG-Z17-X114824-Y51892,17,114827,51893,https://cyberjapandata.gsi.go.jp/xyz/ort_riku10/17/114827/51893.png,404,no_source_coverage,,2026-06-25T23:15:33Z,1,HTTP 404
OHG-Z17-X114824-Y51892,17,114824,51894,https://cyberjapandata.gsi.go.jp/xyz/ort_riku10/17/114824/51894.png,404,no_source_coverage,,2026-06-25T23:15:33Z,1,HTTP 404
OHG-Z17-X114824-Y51892,17,114825,51894,https://cyberjapandata.gsi.go.jp/xyz/ort_riku10/17/114825/51894.png,404,no_source_coverage,,2026-06-25T23:15:34Z,1,HTTP 404
OHG-Z17-X114824-Y51892,17,114826,51894,https://cyberjapandata.gsi.go.jp/xyz/ort_riku10/17/114826/51894.png,404,no_source_coverage,,2026-06-25T23:15:34Z,1,HTTP 404
OHG-Z17-X114824-Y51892,17,114827,51894,https://cyberjapandata.gsi.go.jp/xyz/ort_riku10/17/114827/51894.png,404,no_source_coverage,,2026-06-25T23:15:35Z,1,HTTP 404
OHG-Z17-X114824-Y51892,17,114824,51895,https://cyberjapandata.gsi.go.jp/xyz/ort_riku10/17/114824/51895.png,404,no_source_coverage,,2026-06-25T23:15:35Z,1,HTTP 404
OHG-Z17-X114824-Y51892,17,114825,51895,https://cyberjapandata.gsi.go.jp/xyz/ort_riku10/17/114825/51895.png,404,no_source_coverage,,2026-06-25T23:15:36Z,1,HTTP 404
OHG-Z17-X114824-Y51892,17,114826,51895,https://cyberjapandata.gsi.go.jp/xyz/ort_riku10/17/114826/51895.png,404,no_source_coverage,,2026-06-25T23:15:36Z,1,HTTP 404
OHG-Z17-X114824-Y51892,17,114827,51895,https://cyberjapandata.gsi.go.jp/xyz/ort_riku10/17/114827/51895.png,404,no_source_coverage,,2026-06-25T23:15:37Z,1,HTTP 404
OHG-Z17-X114824-Y51896,17,114824,51896,https://cyberjapandata.gsi.go.jp/xyz/ort_riku10/17/114824/51896.png,404,no_source_coverage,,2026-06-25T23:16:13Z,1,HTTP 404
OHG-Z17-X114824-Y51896,17,114825,51896,https://cyberjapandata.gsi.go.jp/xyz/ort_riku10/17/114825/51896.png,404,no_source_coverage,,2026-06-25T23:16:13Z,1,HTTP 404
OHG-Z17-X114824-Y51896,17,114826,51896,https://cyberjapandata.gsi.go.jp/xyz/ort_riku10/17/114826/51896.png,404,no_source_coverage,,2026-06-25T23:16:14Z,1,HTTP 404
OHG-Z17-X114824-Y51896,17,114827,51896,https://cyberjapandata.gsi.go.jp/xyz/ort_riku10/17/114827/51896.png,404,no_source_coverage,,2026-06-25T23:16:14Z,1,HTTP 404
OHG-Z17-X114824-Y51896,17,114824,51897,https://cyberjapandata.gsi.go.jp/xyz/ort_riku10/17/114824/51897.png,404,no_source_coverage,,2026-06-25T23:16:15Z,1,HTTP 404
OHG-Z17-X114824-Y51896,17,114825,51897,https://cyberjapandata.gsi.go.jp/xyz/ort_riku10/17/114825/51897.png,404,no_source_coverage,,2026-06-25T23:16:15Z,1,HTTP 404
OHG-Z17-X114824-Y51896,17,114826,51897,https://cyberjapandata.gsi.go.jp/xyz/ort_riku10/17/114826/51897.png,404,no_source_coverage,,2026-06-25T23:16:15Z,1,HTTP 404
OHG-Z17-X114824-Y51896,17,114827,51897,https://cyberjapandata.gsi.go.jp/xyz/ort_riku10/17/114827/51897.png,404,no_source_coverage,,2026-06-25T23:16:16Z,1,HTTP 404
OHG-Z17-X114824-Y51896,17,114824,51898,https://cyberjapandata.gsi.go.jp/xyz/ort_riku10/17/114824/51898.png,404,no_source_coverage,,2026-06-25T23:16:16Z,1,HTTP 404
OHG-Z17-X114824-Y51896,17,114825,51898,https://cyberjapandata.gsi.go.jp/xyz/ort_riku10/17/114825/51898.png,404,no_source_coverage,,2026-06-25T23:16:17Z,1,HTTP 404
OHG-Z17-X114824-Y51896,17,114826,51898,https://cyberjapandata.gsi.go.jp/xyz/ort_riku10/17/114826/51898.png,404,no_source_coverage,,2026-06-25T23:16:17Z,1,HTTP 404
OHG-Z17-X114824-Y51896,17,114827,51898,https://cyberjapandata.gsi.go.jp/xyz/ort_riku10/17/114827/51898.png,404,no_source_coverage,,2026-06-25T23:16:18Z,1,HTTP 404
OHG-Z17-X114824-Y51896,17,114824,51899,https://cyberjapandata.gsi.go.jp/xyz/ort_riku10/17/114824/51899.png,404,no_source_coverage,,2026-06-25T23:16:18Z,1,HTTP 404
OHG-Z17-X114824-Y51896,17,114825,51899,https://cyberjapandata.gsi.go.jp/xyz/ort_riku10/17/114825/51899.png,404,no_source_coverage,,2026-06-25T23:16:19Z,1,HTTP 404
OHG-Z17-X114824-Y51896,17,114826,51899,https://cyberjapandata.gsi.go.jp/xyz/ort_riku10/17/114826/51899.png,404,no_source_coverage,,2026-06-25T23:16:19Z,1,HTTP 404
OHG-Z17-X114824-Y51896,17,114827,51899,https://cyberjapandata.gsi.go.jp/xyz/ort_riku10/17/114827/51899.png,404,no_source_coverage,,2026-06-25T23:16:20Z,1,HTTP 404
OHG-Z17-X114824-Y51900,17,114824,51900,https://cyberjapandata.gsi.go.jp/xyz/ort_riku10/17/114824/51900.png,404,no_source_coverage,,2026-06-25T23:17:04Z,1,HTTP 404
OHG-Z17-X114824-Y51900,17,114825,51900,https://cyberjapandata.gsi.go.jp/xyz/ort_riku10/17/114825/51900.png,404,no_source_coverage,,2026-06-25T23:17:04Z,1,HTTP 404
OHG-Z17-X114824-Y51900,17,114826,51900,https://cyberjapandata.gsi.go.jp/xyz/ort_riku10/17/114826/51900.png,404,no_source_coverage,,2026-06-25T23:17:05Z,1,HTTP 404
OHG-Z17-X114824-Y51900,17,114827,51900,https://cyberjapandata.gsi.go.jp/xyz/ort_riku10/17/114827/51900.png,404,no_source_coverage,,2026-06-25T23:17:05Z,1,HTTP 404
OHG-Z17-X114824-Y51900,17,114824,51901,https://cyberjapandata.gsi.go.jp/xyz/ort_riku10/17/114824/51901.png,404,no_source_coverage,,2026-06-25T23:17:06Z,1,HTTP 404
OHG-Z17-X114824-Y51900,17,114825,51901,https://cyberjapandata.gsi.go.jp/xyz/ort_riku10/17/114825/51901.png,404,no_source_coverage,,2026-06-25T23:17:06Z,1,HTTP 404
OHG-Z17-X114824-Y51900,17,114826,51901,https://cyberjapandata.gsi.go.jp/xyz/ort_riku10/17/114826/51901.png,404,no_source_coverage,,2026-06-25T23:17:07Z,1,HTTP 404
OHG-Z17-X114824-Y51900,17,114827,51901,https://cyberjapandata.gsi.go.jp/xyz/ort_riku10/17/114827/51901.png,404,no_source_coverage,,2026-06-25T23:17:07Z,1,HTTP 404
OHG-Z17-X114824-Y51900,17,114824,51902,https://cyberjapandata.gsi.go.jp/xyz/ort_riku10/17/114824/51902.png,404,no_source_coverage,,2026-06-25T23:17:08Z,1,HTTP 404
OHG-Z17-X114824-Y51900,17,114825,51902,https://cyberjapandata.gsi.go.jp/xyz/ort_riku10/17/114825/51902.png,404,no_source_coverage,,2026-06-25T23:17:08Z,1,HTTP 404
OHG-Z17-X114824-Y51900,17,114826,51902,https://cyberjapandata.gsi.go.jp/xyz/ort_riku10/17/114826/51902.png,404,no_source_coverage,,2026-06-25T23:17:09Z,1,HTTP 404
OHG-Z17-X114824-Y51900,17,114827,51902,https://cyberjapandata.gsi.go.jp/xyz/ort_riku10/17/114827/51902.png,404,no_source_coverage,,2026-06-25T23:17:09Z,1,HTTP 404
OHG-Z17-X114824-Y51900,17,114824,51903,https://cyberjapandata.gsi.go.jp/xyz/ort_riku10/17/114824/51903.png,404,no_source_coverage,,2026-06-25T23:17:10Z,1,HTTP 404
OHG-Z17-X114824-Y51900,17,114825,51903,https://cyberjapandata.gsi.go.jp/xyz/ort_riku10/17/114825/51903.png,404,no_source_coverage,,2026-06-25T23:17:10Z,1,HTTP 404
OHG-Z17-X114824-Y51900,17,114826,51903,https://cyberjapandata.gsi.go.jp/xyz/ort_riku10/17/114826/51903.png,404,no_source_coverage,,2026-06-25T23:17:10Z,1,HTTP 404
OHG-Z17-X114824-Y51900,17,114827,51903,https://cyberjapandata.gsi.go.jp/xyz/ort_riku10/17/114827/51903.png,404,no_source_coverage,,2026-06-25T23:17:11Z,1,HTTP 404
OHG-Z17-X114828-Y51896,17,114828,51896,https://cyberjapandata.gsi.go.jp/xyz/ort_riku10/17/114828/51896.png,404,no_source_coverage,,2026-06-25T23:16:20Z,1,HTTP 404
OHG-Z17-X114828-Y51896,17,114829,51896,https://cyberjapandata.gsi.go.jp/xyz/ort_riku10/17/114829/51896.png,404,no_source_coverage,,2026-06-25T23:16:21Z,1,HTTP 404
OHG-Z17-X114828-Y51896,17,114830,51896,https://cyberjapandata.gsi.go.jp/xyz/ort_riku10/17/114830/51896.png,404,no_source_coverage,,2026-06-25T23:16:21Z,1,HTTP 404
OHG-Z17-X114828-Y51896,17,114831,51896,https://cyberjapandata.gsi.go.jp/xyz/ort_riku10/17/114831/51896.png,404,no_source_coverage,,2026-06-25T23:16:21Z,1,HTTP 404
OHG-Z17-X114828-Y51896,17,114828,51897,https://cyberjapandata.gsi.go.jp/xyz/ort_riku10/17/114828/51897.png,404,no_source_coverage,,2026-06-25T23:16:22Z,1,HTTP 404
OHG-Z17-X114828-Y51896,17,114829,51897,https://cyberjapandata.gsi.go.jp/xyz/ort_riku10/17/114829/51897.png,404,no_source_coverage,,2026-06-25T23:16:22Z,1,HTTP 404
OHG-Z17-X114828-Y51896,17,114830,51897,https://cyberjapandata.gsi.go.jp/xyz/ort_riku10/17/114830/51897.png,404,no_source_coverage,,2026-06-25T23:16:23Z,1,HTTP 404
OHG-Z17-X114828-Y51896,17,114831,51897,https://cyberjapandata.gsi.go.jp/xyz/ort_riku10/17/114831/51897.png,404,no_source_coverage,,2026-06-25T23:16:23Z,1,HTTP 404
OHG-Z17-X114828-Y51896,17,114828,51898,https://cyberjapandata.gsi.go.jp/xyz/ort_riku10/17/114828/51898.png,404,no_source_coverage,,2026-06-25T23:16:24Z,1,HTTP 404
OHG-Z17-X114828-Y51896,17,114829,51898,https://cyberjapandata.gsi.go.jp/xyz/ort_riku10/17/114829/51898.png,404,no_source_coverage,,2026-06-25T23:16:24Z,1,HTTP 404
OHG-Z17-X114828-Y51896,17,114830,51898,https://cyberjapandata.gsi.go.jp/xyz/ort_riku10/17/114830/51898.png,404,no_source_coverage,,2026-06-25T23:16:25Z,1,HTTP 404
OHG-Z17-X114828-Y51896,17,114831,51898,https://cyberjapandata.gsi.go.jp/xyz/ort_riku10/17/114831/51898.png,404,no_source_coverage,,2026-06-25T23:16:25Z,1,HTTP 404
OHG-Z17-X114828-Y51896,17,114828,51899,https://cyberjapandata.gsi.go.jp/xyz/ort_riku10/17/114828/51899.png,404,no_source_coverage,,2026-06-25T23:16:26Z,1,HTTP 404
OHG-Z17-X114828-Y51896,17,114829,51899,https://cyberjapandata.gsi.go.jp/xyz/ort_riku10/17/114829/51899.png,404,no_source_coverage,,2026-06-25T23:16:26Z,1,HTTP 404
OHG-Z17-X114828-Y51896,17,114830,51899,https://cyberjapandata.gsi.go.jp/xyz/ort_riku10/17/114830/51899.png,404,no_source_coverage,,2026-06-25T23:16:26Z,1,HTTP 404
OHG-Z17-X114828-Y51896,17,114831,51899,https://cyberjapandata.gsi.go.jp/xyz/ort_riku10/17/114831/51899.png,404,no_source_coverage,,2026-06-25T23:16:27Z,1,HTTP 404
OHG-Z17-X114828-Y51900,17,114828,51900,https://cyberjapandata.gsi.go.jp/xyz/ort_riku10/17/114828/51900.png,404,no_source_coverage,,2026-06-25T23:17:11Z,1,HTTP 404
OHG-Z17-X114828-Y51900,17,114829,51900,https://cyberjapandata.gsi.go.jp/xyz/ort_riku10/17/114829/51900.png,404,no_source_coverage,,2026-06-25T23:17:12Z,1,HTTP 404
OHG-Z17-X114828-Y51900,17,114830,51900,https://cyberjapandata.gsi.go.jp/xyz/ort_riku10/17/114830/51900.png,404,no_source_coverage,,2026-06-25T23:17:12Z,1,HTTP 404
OHG-Z17-X114828-Y51900,17,114831,51900,https://cyberjapandata.gsi.go.jp/xyz/ort_riku10/17/114831/51900.png,404,no_source_coverage,,2026-06-25T23:17:13Z,1,HTTP 404
OHG-Z17-X114828-Y51900,17,114828,51901,https://cyberjapandata.gsi.go.jp/xyz/ort_riku10/17/114828/51901.png,404,no_source_coverage,,2026-06-25T23:17:13Z,1,HTTP 404
OHG-Z17-X114828-Y51900,17,114829,51901,https://cyberjapandata.gsi.go.jp/xyz/ort_riku10/17/114829/51901.png,404,no_source_coverage,,2026-06-25T23:17:14Z,1,HTTP 404
OHG-Z17-X114828-Y51900,17,114830,51901,https://cyberjapandata.gsi.go.jp/xyz/ort_riku10/17/114830/51901.png,404,no_source_coverage,,2026-06-25T23:17:14Z,1,HTTP 404
OHG-Z17-X114828-Y51900,17,114831,51901,https://cyberjapandata.gsi.go.jp/xyz/ort_riku10/17/114831/51901.png,404,no_source_coverage,,2026-06-25T23:17:15Z,1,HTTP 404
OHG-Z17-X114828-Y51900,17,114828,51902,https://cyberjapandata.gsi.go.jp/xyz/ort_riku10/17/114828/51902.png,404,no_source_coverage,,2026-06-25T23:17:15Z,1,HTTP 404
OHG-Z17-X114828-Y51900,17,114829,51902,https://cyberjapandata.gsi.go.jp/xyz/ort_riku10/17/114829/51902.png,404,no_source_coverage,,2026-06-25T23:17:16Z,1,HTTP 404
OHG-Z17-X114828-Y51900,17,114830,51902,https://cyberjapandata.gsi.go.jp/xyz/ort_riku10/17/114830/51902.png,404,no_source_coverage,,2026-06-25T23:17:16Z,1,HTTP 404
OHG-Z17-X114828-Y51900,17,114831,51902,https://cyberjapandata.gsi.go.jp/xyz/ort_riku10/17/114831/51902.png,404,no_source_coverage,,2026-06-25T23:17:17Z,1,HTTP 404
OHG-Z17-X114828-Y51900,17,114828,51903,https://cyberjapandata.gsi.go.jp/xyz/ort_riku10/17/114828/51903.png,404,no_source_coverage,,2026-06-25T23:17:17Z,1,HTTP 404
OHG-Z17-X114828-Y51900,17,114829,51903,https://cyberjapandata.gsi.go.jp/xyz/ort_riku10/17/114829/51903.png,404,no_source_coverage,,2026-06-25T23:17:17Z,1,HTTP 404
OHG-Z17-X114828-Y51900,17,114830,51903,https://cyberjapandata.gsi.go.jp/xyz/ort_riku10/17/114830/51903.png,404,no_source_coverage,,2026-06-25T23:17:18Z,1,HTTP 404
OHG-Z17-X114828-Y51900,17,114831,51903,https://cyberjapandata.gsi.go.jp/xyz/ort_riku10/17/114831/51903.png,404,no_source_coverage,,2026-06-25T23:17:18Z,1,HTTP 404
